energy,liveness,tempo,speechiness,acousticness,instrumentalness,time_signature,danceability,key,duration_ms,loudness,valence,mode,type,uri
0.764,0.263,123.873,0.0315,0.0222,0.00932,4,0.683,7,269000,-7.89,0.738,0,audio_features,spotify:track:33iAwBBb962LFQei4J0b0b
0.919,0.178,126.57,0.0572,0.0441,9.19e-06,4,0.594,2,236560,-6.387,0.529,1,audio_features,spotify:track:2QyGSbGdT9suKuDKwnjwH9
0.477,0.0237,119.975,0.0808,0.0181,2.08e-06,4,0.949,0,148193,-9.205,0.628,1,audio_features,spotify:track:3tYFoEmZ42bTUFMs266Ue0
0.869,0.0678,109.902,0.037,0.0116,0.173,4,0.596,10,238733,-11.97,0.944,1,audio_features,spotify:track:05wIrZSwuaVWhcv5FfqeH0
0.799,0.055,108.382,0.0598,0.0821,0.00154,4,0.644,4,246573,-10.856,0.889,0,audio_features,spotify:track:3Pu3IChaAoa5EjgUBv5F6x
0.976,0.182,113.357,0.0428,0.0262,2.41e-05,4,0.695,8,212400,-6.982,0.937,1,audio_features,spotify:track:0FutrWIUM5Mg3434asiwkp
0.452,0.339,77.038,0.0454,0.277,2.33e-06,5,0.821,7,127627,-10.215,0.884,1,audio_features,spotify:track:23V08GxMeaZNSf8Gy6KF6t
0.294,0.0706,108.527,0.0537,0.837,0.0,4,0.618,9,147400,-13.03,0.63,1,audio_features,spotify:track:0qwzC38XHdo8nmulMRLbQn
0.923,0.314,161.704,0.0606,0.0364,0.0331,4,0.547,1,91733,-6.848,0.854,1,audio_features,spotify:track:0KrmvQ1HsaWgeWSh8Cdb0o
0.429,0.617,80.325,0.321,0.915,0.0,4,0.749,2,84827,-8.908,0.954,1,audio_features,spotify:track:0gdLTqxAY4DDUQxXzmwj1z
0.616,0.105,75.019,0.0509,0.208,1.72e-05,4,0.679,1,222720,-9.456,0.766,1,audio_features,spotify:track:2610Dt6LdipNXqm9W4QUhy
0.902,0.0928,84.412,0.054,0.018,0.00125,4,0.573,6,225280,-7.638,0.876,0,audio_features,spotify:track:2WfaOiMkCvy7F5fcp2zZ8L
0.577,0.148,91.98,0.0365,0.186,0.0,4,0.676,10,241600,-12.031,0.934,1,audio_features,spotify:track:48O0GrGJWml3DzHhC5sJ7a
0.367,0.0818,120.175,0.0328,0.55,1.38e-05,4,0.584,6,176293,-9.638,0.588,0,audio_features,spotify:track:1JO1xLtVc8mWhIoE3YaCL0
0.524,0.482,142.855,0.273,0.596,0.0432,4,0.683,7,127826,-7.483,0.82,0,audio_features,spotify:track:1H6NscSNlknTI09CcC5tHp
0.647,0.0972,122.771,0.0299,0.757,3.08e-06,4,0.757,2,169627,-10.264,0.97,1,audio_features,spotify:track:4GAI8BxeMgrvhZNEU59UfR
0.742,0.339,138.591,0.0454,0.218,0.0,4,0.552,0,125827,-7.963,0.751,1,audio_features,spotify:track:1udKn1oNKYQSQ9OmiIWCMu
0.809,0.183,125.941,0.0302,0.114,0.000521,4,0.697,9,214827,-8.197,0.98,1,audio_features,spotify:track:5nNmj1cLH3r4aA4XDJ2bgY
0.584,0.187,98.293,0.0318,0.466,0.00195,4,0.674,8,180893,-8.204,0.96,1,audio_features,spotify:track:0PGwM5vdr5fMejx0IIAYXj
0.512,0.243,104.826,0.0427,0.37,0.0,4,0.592,7,176067,-6.27,0.565,1,audio_features,spotify:track:0Vpswx5knuuXW8HmNK1LrT
0.874,0.323,166.54,0.0706,0.781,0.000311,4,0.54,10,161293,-6.099,0.969,1,audio_features,spotify:track:2XGHdmjsumZRkaL8LhBb1e
0.954,0.0555,178.043,0.0476,0.00411,0.0,4,0.425,1,243160,-3.756,0.933,0,audio_features,spotify:track:0Ph6L4l8dYUuXFmb71Ajnd
0.28,0.306,115.841,0.0312,0.805,3.85e-06,4,0.7,3,124560,-14.317,0.538,1,audio_features,spotify:track:1aKWa7Y8QY1wUlmmyYoAeQ
0.802,0.387,119.25,0.0392,0.25,0.0,4,0.491,4,248907,-7.106,0.472,1,audio_features,spotify:track:77NNZQSqzLNqh2A9JhLRkg
0.822,0.0645,130.138,0.0292,0.0745,0.00943,4,0.547,0,239560,-7.201,0.774,1,audio_features,spotify:track:2PfBSkCKZDXMsJogMT0wML
0.445,0.0509,94.331,0.0597,0.103,0.000106,4,0.815,5,240067,-14.829,0.682,0,audio_features,spotify:track:4sTjpbVRhhzN5YHhYMYbe3
0.794,0.788,112.61,0.0655,0.259,0.0,4,0.722,2,187893,-11.009,0.799,1,audio_features,spotify:track:5oVd20ddRqp5yenSA0E6u1
0.482,0.111,193.513,0.194,0.0853,9.22e-05,4,0.543,4,284773,-12.789,0.415,1,audio_features,spotify:track:5mYtpXrZZ1bbGJYDGC8I0Y
0.934,0.137,138.162,0.0471,0.000312,0.00457,4,0.519,7,201867,-7.137,0.586,1,audio_features,spotify:track:2DyHhPyCZgZzNXn1IrtsTu
0.967,0.245,145.024,0.0474,0.0849,0.0,4,0.711,7,288400,-5.204,0.892,1,audio_features,spotify:track:38bDGWuyYdSdNfrFfbCiVS
0.897,0.13,157.17,0.0471,0.241,0.0,4,0.544,3,215133,-6.056,0.647,0,audio_features,spotify:track:34x6hEJgGAOQvmlMql5Ige
0.915,0.0779,117.593,0.0693,0.0676,0.000766,4,0.519,6,309467,-5.6,0.156,0,audio_features,spotify:track:6jpZQXdoPr9ZAhr9mxCyW0
0.53,0.17,109.979,0.178,0.115,0.179,4,0.951,5,214653,-6.594,0.699,0,audio_features,spotify:track:57JVGBtBLCfHw2muk5416J
0.927,0.699,136.247,0.156,0.461,5.73e-05,4,0.66,5,211533,-5.867,0.458,0,audio_features,spotify:track:4caiYv89C9GZdDD1RzshWd
0.893,0.0251,205.544,0.037,0.026,0.0,4,0.383,7,246933,-8.638,0.803,1,audio_features,spotify:track:2oSpQ7QtIKTNFfA08Cy0ku
0.989,0.123,115.158,0.0464,0.186,3.12e-05,4,0.669,7,201503,-5.448,0.895,1,audio_features,spotify:track:1N9bMjIVVq2gLMbAecDnul
0.791,0.0378,128.822,0.0371,0.0803,2.68e-05,4,0.749,9,284907,-5.939,0.663,1,audio_features,spotify:track:01OX9zj1h7mZsPj4CesRa4
0.663,0.318,85.308,0.21,0.12,0.0,4,0.862,0,238267,-9.004,0.837,1,audio_features,spotify:track:3yNVfRQlUPViUh8O2V9SQn
0.62,0.0559,167.141,0.0648,0.0379,1.19e-06,4,0.543,8,290960,-10.629,0.607,1,audio_features,spotify:track:0jHkgTtTaqg5LNCiYDQPUB
0.53,0.06,124.392,0.0601,0.41,7.43e-05,4,0.683,2,162653,-8.542,0.579,1,audio_features,spotify:track:0oCT5rVvMdPPUm0bxG7yzT
0.799,0.0844,133.731,0.0501,0.0706,0.0,4,0.654,0,199733,-6.92,0.755,1,audio_features,spotify:track:3Kr9P2blunzFYEKQygbOoP
0.509,0.144,138.317,0.0628,0.6,0.0,4,0.527,7,515867,-10.893,0.497,1,audio_features,spotify:track:2QgWuCtBpNIpl5trmKCxRf
0.751,0.102,109.099,0.146,0.0618,0.0,4,0.569,1,230107,-9.16,0.768,1,audio_features,spotify:track:4BpPvEi38kvfLKA1qBBX5J
0.658,0.158,112.107,0.0269,0.0176,0.000352,4,0.724,2,329147,-9.209,0.865,0,audio_features,spotify:track:42GthmiW6mIvcyaJHdMk30
0.784,0.0421,126.459,0.0611,0.0527,0.0,4,0.75,6,283827,-11.269,0.738,1,audio_features,spotify:track:1itIRmnzXMhqzDeQofMoxT
0.508,0.132,118.753,0.0395,0.000538,0.00205,4,0.467,11,234053,-13.048,0.772,0,audio_features,spotify:track:1oojGBUxbMSrvrBnQ1DaBc
0.409,0.101,104.271,0.0273,0.157,9.28e-05,4,0.508,11,235666,-11.184,0.33,1,audio_features,spotify:track:5pG2aumkvDvvdOoVbMobAU
0.556,0.0726,140.543,0.0622,0.559,0.00281,4,0.594,5,228867,-11.679,0.623,1,audio_features,spotify:track:39OPZvxdhToddt29z55Ukv
0.591,0.113,156.584,0.103,0.0565,0.0,4,0.644,5,213600,-10.452,0.531,0,audio_features,spotify:track:5XguLH3qJiYb4pHUnNVrIT
0.479,0.291,152.563,0.0632,0.093,0.000158,4,0.356,7,194827,-11.513,0.208,1,audio_features,spotify:track:2TEW9YkQDKRHUxCHbEn0Gk
0.715,0.547,92.978,0.0315,0.207,0.000118,4,0.757,0,210707,-5.356,0.892,0,audio_features,spotify:track:7KIfxh9R4sxkPkn19ikdGd
0.694,0.148,99.039,0.027,0.257,0.0,4,0.689,6,213307,-5.83,0.482,0,audio_features,spotify:track:47BBI51FKFwOMlIiX6m8ya
0.214,0.0839,66.98,0.0356,0.844,5.3e-06,4,0.306,4,271093,-12.518,0.108,1,audio_features,spotify:track:4eHbdreAnSOrDDsFfc4Fpm
0.527,0.156,128.033,0.0292,0.0598,0.947,4,0.592,5,188555,-9.926,0.576,1,audio_features,spotify:track:0mdtYfR8hE1Eb6hwLMJWRX
0.907,0.381,144.979,0.0494,0.122,0.0,4,0.538,7,196827,-3.743,0.562,0,audio_features,spotify:track:6xG2ZGudUgtV235xvDlSEt
0.433,0.273,79.952,0.0412,0.934,0.811,4,0.44,2,254360,-17.453,0.216,0,audio_features,spotify:track:0z1TtwvJ9UMkLaNhitI0wQ
0.837,0.839,126.342,0.375,0.00427,0.00114,4,0.597,10,171360,-6.518,0.447,1,audio_features,spotify:track:65Wn0KpbPXTVLNQNEMtK1j
0.902,0.0796,94.503,0.0631,0.172,0.0,4,0.656,4,176480,-4.207,0.591,0,audio_features,spotify:track:0Z27xVPEXEnh3LdvqGgteO
0.621,0.162,81.946,0.25,0.0802,0.0,4,0.697,9,193296,-6.886,0.721,0,audio_features,spotify:track:2sLwPnIP3CUVmIuHranJZU
0.658,0.102,130.276,0.0661,0.195,0.0,4,0.435,8,269787,-8.179,0.184,1,audio_features,spotify:track:5prTs2HAw2G4idHZyeFp8o
0.749,0.545,119.961,0.0444,0.00226,0.509,4,0.47,10,64250,-10.088,0.715,1,audio_features,spotify:track:0YcHWrfDttIVmX6CwKe9wt
0.8,0.113,112.055,0.0572,0.372,0.00553,4,0.638,7,251489,-12.077,0.569,1,audio_features,spotify:track:4RvWPyQ5RL0ao9LPZeSouE
0.629,0.271,153.119,0.0363,0.128,0.0,4,0.574,2,300107,-8.815,0.786,0,audio_features,spotify:track:4jDmJ51x1o9NZB5Nxxc7gY
0.484,0.177,85.518,0.0726,0.0706,0.0,4,0.779,10,236093,-6.585,0.761,0,audio_features,spotify:track:7hpGGPTNTgdmyjtudEmLfX
0.662,0.248,121.154,0.0333,0.165,0.0,4,0.383,2,298760,-5.162,0.138,1,audio_features,spotify:track:225xvV8r1yKMHErSWivnow
0.525,0.296,130.218,0.0344,0.126,0.0,4,0.677,4,255093,-6.429,0.664,1,audio_features,spotify:track:2OeSwSbwlmn9u8SsutfxPO
0.86,0.0728,158.533,0.0389,0.0034,0.0229,4,0.506,10,333507,-9.586,0.895,0,audio_features,spotify:track:7u9Vkw4xWtGNjao5uz3fJV
0.626,0.244,92.351,0.0618,0.647,0.0,4,0.593,5,128280,-8.93,0.877,1,audio_features,spotify:track:2PQxqXhXOmHDgB10qHTRAG
0.92,0.0907,144.009,0.0331,0.000472,0.687,4,0.493,10,184000,-6.39,0.804,0,audio_features,spotify:track:0fkgNje097R3eszeV59iTI
0.496,0.0449,138.791,0.0597,0.501,3.07e-06,4,0.834,0,276493,-13.653,0.944,1,audio_features,spotify:track:5IMtdHjJ1OtkxbGe4zfUxQ
0.825,0.152,129.168,0.0324,0.355,0.000932,4,0.621,7,148093,-6.005,0.886,1,audio_features,spotify:track:4njseCGxWeZUksjhrqkleT
0.573,0.114,76.193,0.0275,0.578,3.05e-06,4,0.457,5,238560,-3.866,0.0992,0,audio_features,spotify:track:3TCauNPqFiniaYHBvEVoHG
0.946,0.368,185.967,0.36,0.158,0.0,4,0.536,5,286267,-3.002,0.779,0,audio_features,spotify:track:6RUpJeXT6U4SPEafnr9Wr7
0.98,0.084,136.087,0.0469,0.169,0.982,4,0.539,11,225373,-8.18,0.522,0,audio_features,spotify:track:24CXuh2WNpgeSYUOvz14jk
0.68,0.107,125.038,0.0283,0.0839,0.0,4,0.655,5,251681,-5.378,0.307,1,audio_features,spotify:track:2Chp7k576d36E8BsrnQThB
0.591,0.408,87.016,0.263,0.0072,0.0,4,0.728,10,229435,-9.677,0.618,0,audio_features,spotify:track:5qQ2Bnai4C9NQ1vWBl7yeX
0.798,0.0681,76.956,0.0662,0.00269,0.138,4,0.575,2,260975,-7.194,0.162,0,audio_features,spotify:track:1utjKRucyp1qt6wOQrEqy6
0.976,0.217,152.972,0.199,0.00161,0.906,4,0.624,7,235294,-4.149,0.682,1,audio_features,spotify:track:0qwHWV9v97T58RRqGsZMGO
0.651,0.204,129.939,0.0881,0.0233,0.0324,4,0.606,3,242925,-8.272,0.472,0,audio_features,spotify:track:13ZsIACMHaWi8F1va20QZW
0.597,0.39,134.951,0.299,0.000545,0.545,4,0.702,7,202667,-15.3,0.576,1,audio_features,spotify:track:21mcrptEh7yxHKIN869yHk
0.957,0.288,173.938,0.305,0.0337,0.0,4,0.543,5,205507,-0.184,0.243,1,audio_features,spotify:track:2lKjHE4eSS4LAxan214Zpr
0.955,0.0956,135.361,0.0352,0.000113,0.709,4,0.177,7,230067,-4.782,0.214,1,audio_features,spotify:track:1AZOc4qG2YH78ggqDrMBkd
0.84,0.367,136.136,0.0489,0.358,0.000239,4,0.324,1,227627,-7.31,0.576,1,audio_features,spotify:track:2ZBalNGwjqdKJd29O76wBV
0.411,0.165,171.713,0.0397,0.646,0.858,5,0.583,7,53880,-10.031,0.948,0,audio_features,spotify:track:7vBovQzO1Vo1lQLL994Vr4
0.479,0.0604,100.114,0.0649,0.2,6.54e-06,4,0.631,5,142160,-10.449,0.944,1,audio_features,spotify:track:3SpS1BPw4D6eXDVyTDRZ3b
0.588,0.0904,125.014,0.0432,0.0688,0.00432,4,0.816,9,100013,-12.703,0.564,1,audio_features,spotify:track:0UjGhrN0sq9ElismrIPKMu
0.779,0.39,119.96,0.0303,0.166,0.0,4,0.689,4,224165,-7.667,0.731,1,audio_features,spotify:track:2P6lURS2y0Hbks1hnHfm6G
0.937,0.0966,149.744,0.0618,0.0137,0.0,4,0.588,9,348987,-5.435,0.775,0,audio_features,spotify:track:3oYxYV6cFaSRwgBpjXzhvS
0.327,0.15,107.894,0.0317,0.732,0.00103,3,0.388,5,140333,-12.522,0.222,1,audio_features,spotify:track:2pp3RfqX5cb1BAnmNi4Nej
0.887,0.186,122.528,0.0349,0.0665,0.000179,4,0.52,0,250627,-3.296,0.793,1,audio_features,spotify:track:7qQnBfwXrw2tZNFG4Uf57N
0.659,0.153,119.825,0.0675,0.781,0.0,4,0.677,1,97360,-6.844,0.962,1,audio_features,spotify:track:47Y7PT6z2rvcaDrkO6X3iq
0.808,0.517,143.04,0.101,0.181,0.0,4,0.788,8,302000,-4.77,0.844,0,audio_features,spotify:track:3kZoay4ANo86ehb6s4RwS9
0.956,0.309,170.351,0.0995,0.0191,0.182,4,0.563,8,188473,-8.465,0.562,0,audio_features,spotify:track:4VLm5ZWv59dYHP8bhbkWAG
0.899,0.258,129.993,0.043,0.0649,0.0,4,0.694,2,195582,-4.815,0.392,1,audio_features,spotify:track:5TJqqIIE8K7RpxhBUGiuM8
0.422,0.246,107.146,0.383,0.592,0.0,4,0.543,4,204370,-12.243,0.527,1,audio_features,spotify:track:0K9n8TBThz4xNAkF1eIlB6
0.83,0.354,90.029,0.0369,0.00762,2.79e-05,4,0.666,0,305200,-5.67,0.886,0,audio_features,spotify:track:1aCMg6cmE6wPaIl719QuE8
0.977,0.0616,150.008,0.178,0.526,0.00196,4,0.794,10,303133,-5.637,0.687,1,audio_features,spotify:track:131yybV7A3TmC34a0qE8u8
0.779,0.101,150.983,0.27,0.00127,1.13e-05,4,0.783,8,119205,-8.116,0.505,1,audio_features,spotify:track:5f7Ugr3GGBdBcIc1McjGvr
0.844,0.306,149.927,0.0353,0.00131,0.442,4,0.725,6,129600,-10.401,0.7,0,audio_features,spotify:track:7nT99YzbayQq6WyBZFP6PW
0.927,0.487,102.426,0.106,0.0516,0.0,4,0.298,1,722324,-3.404,0.439,1,audio_features,spotify:track:0fTQdOS8FucxBQilLTp2ha
0.817,0.303,128.025,0.0561,0.0304,0.254,4,0.681,11,144386,-4.834,0.785,0,audio_features,spotify:track:2YorpKjHKhDBD0QOuucIrA
0.449,0.0863,184.814,0.104,0.91,0.0012,4,0.453,0,191733,-11.825,0.708,1,audio_features,spotify:track:3zpbWaTHZutGOjT4S4CuUq
0.529,0.654,141.763,0.498,0.896,0.0,4,0.78,2,237053,-9.549,0.966,1,audio_features,spotify:track:3QxgOiZSkuyq7hALKV3fJa
0.582,0.095,144.034,0.188,0.152,1.42e-05,4,0.838,7,129053,-8.386,0.922,1,audio_features,spotify:track:37lkRWctThyatt4bogYJYZ
0.275,0.0975,71.53,0.032,0.988,0.0361,5,0.268,5,160693,-13.938,0.284,1,audio_features,spotify:track:6suDwyuHm9aTkEGEd5FSNf
0.926,0.592,127.147,0.0646,0.0199,0.0,4,0.537,5,187360,-3.868,0.486,0,audio_features,spotify:track:74inHQGjQj6w630tZ9wb2J
0.9,0.14,151.274,0.0545,0.00539,4.09e-05,4,0.525,2,163240,-6.815,0.883,1,audio_features,spotify:track:7lSDCrF11sdTVfjbAQVZE8
0.77,0.235,85.996,0.0434,0.0332,0.0,4,0.531,11,255907,-7.205,0.504,0,audio_features,spotify:track:1FsH6OZCKLWbBgqj8JcCvO
0.87,0.145,125.943,0.0452,0.0283,6.3e-06,4,0.674,5,231653,-4.688,0.26,0,audio_features,spotify:track:3rDFqo8yv93PtTmdOYOPzX
0.972,0.308,130.023,0.0372,4.48e-05,0.626,4,0.534,0,188400,-4.309,0.943,1,audio_features,spotify:track:1Qf8YGAWyajekT32SDCpbB
0.64,0.124,105.981,0.0336,0.29,0.00593,4,0.68,1,322267,-6.691,0.738,0,audio_features,spotify:track:2inSaXfDWLkOfwYPZItoBw
0.998,0.047,164.75,0.104,0.0438,0.245,4,0.648,6,176280,-3.085,0.81,1,audio_features,spotify:track:27KdlmrQh08xsorFR7aFov
0.969,0.0705,130.094,0.0414,0.175,0.0,4,0.812,0,213960,-3.844,0.667,1,audio_features,spotify:track:1OgEMobOHxmuSEECKrT4yx
0.97,0.0721,149.071,0.0786,0.0344,0.0,4,0.645,6,220178,-4.947,0.391,0,audio_features,spotify:track:3fnUvzulzK4SZGl5o1hgqx
0.267,0.141,76.848,0.362,0.796,0.0,4,0.643,8,183333,-13.198,0.846,1,audio_features,spotify:track:3hf8kPNd48tcmO5zMtQ6aB
0.885,0.255,151.883,0.0504,0.00999,4.59e-06,4,0.421,10,187558,-6.009,0.584,1,audio_features,spotify:track:2fzp6ojPHvZaz4uHXxpJVk
0.293,0.177,168.984,0.0303,0.817,0.0,3,0.245,4,161373,-10.361,0.344,1,audio_features,spotify:track:5KG2ahk1cONbHvg3dBdTbx
0.969,0.39,128.007,0.0582,0.259,0.000162,4,0.822,7,283748,-11.471,0.765,0,audio_features,spotify:track:08VeSelC8QYD1MIsK9gAmY
0.646,0.0792,122.073,0.039,0.0294,0.0343,4,0.426,10,126653,-8.048,0.263,1,audio_features,spotify:track:10ecV5dPqa4XJOtVQRqYSX
0.934,0.0639,140.002,0.0503,8.04e-05,0.823,4,0.513,4,148440,-5.967,0.72,0,audio_features,spotify:track:063VEY0lRmBnoNEG4Sw0n7
0.878,0.0364,108.031,0.0667,0.737,0.79,4,0.775,0,63043,-14.621,0.98,1,audio_features,spotify:track:72QScKYKjWtnv5yIQ5ZY55
0.7,0.215,128.001,0.046,0.00498,0.000125,4,0.711,1,211920,-4.805,0.801,0,audio_features,spotify:track:6mnjcTmK8TewHfyOp3fC9C
0.55,0.0737,80.001,0.262,0.0108,0.0,4,0.451,1,227960,-8.137,0.594,1,audio_features,spotify:track:2aIdVb8v9KTpEZnftkz2mD
0.416,0.111,131.952,0.0894,0.0324,0.0,4,0.771,0,246573,-8.188,0.218,0,audio_features,spotify:track:1Mp36AbVgpubAirlMV0qef
0.9,0.358,149.937,0.0482,6.79e-05,0.0,4,0.487,0,204000,-4.417,0.484,1,audio_features,spotify:track:00Mb3DuaIH1kjrwOku9CGU
0.446,0.11,104.962,0.0388,0.813,0.000124,4,0.519,5,184493,-9.287,0.654,1,audio_features,spotify:track:0zRtBDhwtIFTfoK2HuURbM
0.873,0.354,148.075,0.128,0.0244,0.0,4,0.746,7,222093,-3.803,0.817,1,audio_features,spotify:track:2d8JP84HNLKhmd6IYOoupQ
0.61,0.159,131.037,0.085,0.0852,0.0188,4,0.675,1,253800,-13.811,0.344,1,audio_features,spotify:track:6t1FIJlZWTQfIZhsGjaulM
0.538,0.0865,113.521,0.0582,0.417,0.0,4,0.655,2,245507,-12.711,0.472,1,audio_features,spotify:track:1mSClObliRtgPVT399COQH
0.658,0.264,106.799,0.0472,0.648,3.14e-06,4,0.45,2,287307,-7.064,0.781,1,audio_features,spotify:track:0EMmVUYs9ZZRHtlADB88uz
0.851,0.405,128.103,0.0334,0.006,0.0242,4,0.554,6,196800,-10.526,0.96,0,audio_features,spotify:track:0BB9eUBBaaX6GALSYNcEp7
0.779,0.139,140.873,0.0325,0.0025,0.000347,4,0.668,9,245467,-11.089,0.963,1,audio_features,spotify:track:648BMGrt98kUbLo24A4vgj
0.779,0.303,98.7,0.0412,0.0561,0.0905,4,0.702,5,351507,-12.267,0.949,1,audio_features,spotify:track:1vhNjOtmfgoGy4J6ijCUSS
0.706,0.0924,131.705,0.042,0.0752,0.0,4,0.688,2,192867,-7.925,0.842,1,audio_features,spotify:track:0TF3F5Lw5apoD1zvR8LikO
0.706,0.205,80.823,0.0461,0.234,0.000252,4,0.445,8,266720,-9.803,0.768,1,audio_features,spotify:track:43DeSV93pJPT4lCZaWZ6b1
0.792,0.0437,155.588,0.0848,0.00349,0.00178,4,0.336,9,355304,-10.875,0.425,1,audio_features,spotify:track:3IOQZRcEkplCXg6LofKqE9
0.7,0.0828,188.386,0.047,0.011,0.00965,4,0.31,9,255493,-5.678,0.763,1,audio_features,spotify:track:08mG3Y1vljYA6bvDt4Wqkj
0.789,0.108,101.984,0.242,0.113,0.0649,3,0.528,2,281143,-5.453,0.254,1,audio_features,spotify:track:290t0W9FVMFx6GlU0Yppqq
0.983,0.183,179.906,0.149,0.000511,0.0,3,0.33,3,216581,-3.494,0.405,0,audio_features,spotify:track:5Q95r4NzE20g8RR4KxOdPh
0.626,0.0767,88.236,0.0452,0.0606,0.0,4,0.531,0,227693,-13.371,0.746,1,audio_features,spotify:track:0TaT50ZZxT4ytZxuqkE3A9
0.244,0.107,61.881,0.0374,0.401,0.0,4,0.562,9,251107,-14.068,0.0563,0,audio_features,spotify:track:0mHyWYXmmCB9iQyK18m3FQ
0.955,0.165,174.25,0.254,0.0558,1.07e-06,4,0.548,8,177027,-4.725,0.314,1,audio_features,spotify:track:0wlVropyv3VsqG5HepMfu2
0.912,0.0982,122.782,0.0363,0.551,0.00122,4,0.72,4,126947,-6.13,0.973,1,audio_features,spotify:track:6M14BiCN00nOsba4JaYsHW
0.933,0.362,129.963,0.065,5.3e-06,0.917,4,0.407,8,143219,-3.458,0.408,1,audio_features,spotify:track:4nhCqc9uMdOE0rZJSRtvBa
0.878,0.242,133.054,0.0498,0.519,0.0,4,0.61,8,178375,-5.436,0.758,1,audio_features,spotify:track:3TOGVJQaCQPE4J3JiSncwG
0.54,0.337,204.249,0.101,0.647,0.0,4,0.423,4,188625,-6.316,0.805,0,audio_features,spotify:track:6FhVYRYvcgLt9RhXIRnOJB
0.481,0.308,101.557,0.0304,0.637,0.0,4,0.571,4,250500,-6.036,0.767,0,audio_features,spotify:track:1z7WfPhK3OuTb72VB4mNZh
0.673,0.19,160.368,0.0672,0.709,0.0,4,0.416,0,243292,-5.591,0.844,1,audio_features,spotify:track:7tYsNENP5oTvDJpEq3ZCK5
0.927,0.324,96.95,0.293,0.0784,0.0,4,0.75,9,239507,-6.475,0.492,1,audio_features,spotify:track:7FNB2HW02lQF8UsFbLy7Ri
0.46,0.206,81.685,0.249,0.432,0.0,4,0.86,8,241187,-5.391,0.507,0,audio_features,spotify:track:3wT19ffv1fhFowqSupw1RU
0.855,0.68,156.311,0.186,0.0488,0.000681,4,0.559,5,209413,-5.077,0.605,1,audio_features,spotify:track:7hQJA50XrCWABAu5v6QZ4i
0.389,0.165,102.983,0.0301,0.772,0.44,4,0.566,7,182973,-11.345,0.26,1,audio_features,spotify:track:62HY7V5hRKtfIZ7uCYqYqu
0.66,0.365,71.544,0.0839,0.198,0.0,4,0.611,11,246387,-5.883,0.583,1,audio_features,spotify:track:3XQY8kDjI8LARMIC9xkxQk
0.868,0.218,140.024,0.3,0.135,0.0,4,0.786,1,219333,-5.503,0.771,1,audio_features,spotify:track:2Zb7wnGUnNPCas2E0wWSQ5
0.0698,0.102,87.036,0.112,0.625,0.937,4,0.905,2,136620,-22.736,0.417,1,audio_features,spotify:track:7I31xQWQOO9bVYRkJumQIf
0.0507,0.0998,168.003,0.0875,0.972,0.0837,4,0.741,0,89130,-26.772,0.861,0,audio_features,spotify:track:2GcUHSdsEYYhH61csWR3wt
0.229,0.096,122.052,0.0854,0.888,0.583,4,0.952,2,67370,-17.005,0.74,1,audio_features,spotify:track:5nFNGhlyf0mmPar5w3I6JY
0.82,0.0378,117.035,0.0547,0.0335,0.872,4,0.759,2,257489,-7.748,0.965,1,audio_features,spotify:track:1Qfrgdb3t70qshkHpu15IB
0.117,0.114,95.99,0.0787,0.605,0.547,4,0.847,5,205140,-20.019,0.638,1,audio_features,spotify:track:3DaGnKmAAmyZGIbC0KjmxT
0.00457,0.0842,55.209,0.0397,0.982,0.748,4,0.277,2,206576,-30.769,0.0392,0,audio_features,spotify:track:62nDQqCBjThMD22PVdoAzV
0.0036,0.105,83.039,0.0428,0.927,0.913,4,0.301,7,218384,-36.396,0.445,0,audio_features,spotify:track:749pbtMYvWXfHhKED32i8K
0.851,0.0479,98.032,0.0388,0.0183,0.00116,4,0.626,10,210173,-5.386,0.923,0,audio_features,spotify:track:0LGV1KgV5eU3jytDEb3Sfx
0.978,0.193,140.018,0.104,0.0172,0.0717,4,0.666,11,192053,-5.106,0.691,0,audio_features,spotify:track:0lcamYchjAoGYH7Gee8kfK
0.974,0.41,142.049,0.052,0.00474,1.56e-05,4,0.635,8,196467,-5.373,0.495,1,audio_features,spotify:track:1eOHw1k2AoluG4VyjBHLzX
0.252,0.101,177.679,0.0301,0.8,0.0,4,0.395,0,264333,-13.589,0.126,1,audio_features,spotify:track:4LFwNJWoj74Yd71fIr1W8x
0.553,0.332,142.072,0.187,0.0563,0.0,4,0.852,1,205879,-7.286,0.656,1,audio_features,spotify:track:27GmP9AWRs744SzKcpJsTZ
0.563,0.0681,185.056,0.163,0.184,0.0,4,0.687,2,212947,-6.214,0.112,1,audio_features,spotify:track:1Ser4X0TKttOvo8bgdytTP
0.945,0.396,189.931,0.124,0.00895,1.85e-06,4,0.316,4,235893,-3.169,0.32,0,audio_features,spotify:track:0COqiPhxzoWICwFCS4eZcp
0.975,0.13,129.987,0.12,1.65e-05,2.07e-06,4,0.524,11,92308,-3.871,0.306,0,audio_features,spotify:track:7KTE7ZJ1xod9cZpIzjrwSv
0.622,0.0954,70.512,0.308,0.000312,2.6e-06,4,0.65,6,261213,-9.188,0.589,0,audio_features,spotify:track:20fq5GsWUPTmyWgaYCn9lR
0.341,0.345,118.958,0.0955,0.738,0.0,4,0.7,4,164933,-9.454,0.567,1,audio_features,spotify:track:7dUCFnaGSWLH6SdDP08NLP
0.286,0.0761,91.747,0.0439,0.525,0.915,4,0.117,11,158173,-19.59,0.0407,0,audio_features,spotify:track:50csT5Qb2qOF7lHdDQ1Sbx
0.283,0.0411,98.881,0.0614,0.00649,0.0222,4,0.866,9,281815,-12.381,0.691,0,audio_features,spotify:track:5tdTQGPEaPH2B4TRpxLypg
0.93,0.112,109.997,0.0451,1.99e-06,0.587,4,0.553,11,197842,-5.691,0.895,0,audio_features,spotify:track:21yxKhZ58bjwaOYPAFYk5b
0.864,0.132,128.024,0.0925,0.00118,0.0052,4,0.646,1,243984,-3.52,0.273,1,audio_features,spotify:track:3pG7GIgFgWL8XqosJFRZPQ
0.995,0.134,130.007,0.087,6.44e-05,0.137,4,0.479,2,150787,-4.047,0.197,1,audio_features,spotify:track:3PWdjvsWluCdbR6Jx3iAY8
0.939,0.346,79.987,0.0977,1.62e-05,0.000392,4,0.403,0,158760,-4.7,0.195,1,audio_features,spotify:track:07Rp8YsrvHk0xmcBqWPz9x
0.748,0.369,145.22,0.393,0.0235,0.0,4,0.72,10,247867,-5.522,0.246,0,audio_features,spotify:track:275a9yzwGB6ncAW4SxY7q3
0.916,0.109,66.893,0.316,0.000211,0.299,4,0.344,2,248178,-5.22,0.146,1,audio_features,spotify:track:0Bu75pBNS5pjDLWgfUKGrm
0.717,0.355,115.384,0.0335,0.0125,0.0536,4,0.779,6,240800,-9.7,0.789,0,audio_features,spotify:track:300zfRaCgTmEm5Eqe3HqZZ
0.493,0.0973,125.019,0.146,0.0145,1.3e-06,4,0.863,6,199027,-8.388,0.198,1,audio_features,spotify:track:4Tzf1U3MWwHQosxyWTXJ1Y
0.672,0.158,111.996,0.0955,0.0186,0.0,4,0.757,0,251467,-6.524,0.382,0,audio_features,spotify:track:40YcuQysJ0KlGQTeGUosTC
0.418,0.113,138.265,0.0338,0.163,0.00195,4,0.209,3,295533,-8.74,0.123,1,audio_features,spotify:track:7LVHVU3tWfcxj5aiPFEW4Q
0.786,0.248,191.729,0.0485,0.0681,0.000598,4,0.575,8,220814,-7.419,0.407,1,audio_features,spotify:track:52UYhiKTPgLDgX9bd0gY2p
0.837,0.105,122.744,0.0326,0.0362,0.000191,4,0.551,0,250636,-5.364,0.839,1,audio_features,spotify:track:1K95m0tusqzkVum2PmzeIk
0.964,0.372,122.807,0.0553,0.0528,4.84e-06,4,0.53,0,223147,-2.571,0.823,0,audio_features,spotify:track:61lqNlVRnWYiR9C7BDJw2l
0.825,0.0881,115.063,0.125,0.0564,0.0,4,0.744,10,219130,-4.991,0.565,0,audio_features,spotify:track:3HnFkC9aTzolocycUBonRZ
0.582,0.145,140.0,0.0534,0.000944,0.901,5,0.748,5,142341,-9.023,0.839,0,audio_features,spotify:track:6fa8A3f1G32mQmPYDqQn7a
0.624,0.46,122.756,0.156,0.12,0.0,4,0.77,0,76813,-8.357,0.534,1,audio_features,spotify:track:7qPlIgFSsb48lbRXmmi9NB
0.392,0.114,80.893,0.0276,0.424,1.1e-06,4,0.693,7,145680,-10.078,0.809,1,audio_features,spotify:track:1trQRrtJZYUjtHaPcvUrI7
0.232,0.406,118.039,0.0371,0.704,0.0,3,0.502,6,31307,-12.631,0.786,1,audio_features,spotify:track:4uV4XThmemS82EtXtqZYYs
0.555,0.202,94.948,0.0948,0.475,0.0,1,0.392,7,42707,-7.16,0.371,1,audio_features,spotify:track:6fIoS28hkZuzRQRlOQSHI9
0.718,0.117,93.159,0.0344,0.0125,0.0,4,0.568,4,90733,-7.14,0.64,0,audio_features,spotify:track:63s9yeaNUCgmZOYp0ZH7k8
0.553,0.136,97.784,0.193,0.619,0.0,4,0.62,2,56053,-7.245,0.81,0,audio_features,spotify:track:7E1boGBVKRPqbHuEDXXZ7D
0.621,0.322,182.587,0.085,0.702,0.0,4,0.461,0,40573,-6.37,0.766,1,audio_features,spotify:track:5prDw2cMRS3OV1pL7EMxL7
0.877,0.0507,124.94,0.0539,2.13e-05,0.782,4,0.734,11,67947,-10.512,0.78,1,audio_features,spotify:track:0NDWLfNKoq6IJpgrFAN7W1
0.636,0.657,110.085,0.0362,0.0502,5.96e-06,4,0.634,0,32893,-8.509,0.609,1,audio_features,spotify:track:5RsYqAze38BY5vsfKBHr3e
0.22,0.321,76.578,0.031,0.72,0.141,4,0.262,7,140813,-13.66,0.334,1,audio_features,spotify:track:6qz8wrOej4MNian3TFofgD
0.844,0.0341,164.92,0.0719,0.018,0.887,4,0.723,10,35613,-8.684,1.0,0,audio_features,spotify:track:56KyV36puztkiJ62ca3D1t
0.81,0.85,120.179,0.365,0.852,2.04e-06,4,0.687,0,44880,-6.997,0.825,1,audio_features,spotify:track:2qJv6Rs4pMUaFyVM0y6qhF
0.65,0.198,98.023,0.259,0.184,4.92e-05,4,0.93,0,199296,-6.896,0.403,1,audio_features,spotify:track:5cXtT63OTadsjqfRkm5Dwd
0.525,0.057,145.99,0.132,0.236,0.0,4,0.886,8,225205,-7.39,0.708,1,audio_features,spotify:track:0qy5D3OJre7SPJNMOL9I71
0.676,0.177,115.906,0.288,0.073,0.0,4,0.86,10,149682,-7.551,0.272,0,audio_features,spotify:track:5LiwatDL3tDY5LS3kU4d3r
0.999,0.332,164.796,0.0959,0.012,0.629,4,0.603,6,176587,-5.23,0.779,1,audio_features,spotify:track:0ShZidyBdeUF00b4ontvom
0.553,0.085,106.025,0.381,0.0846,0.0,4,0.802,10,163788,-10.356,0.538,0,audio_features,spotify:track:7H4dGa6D6rvv6VkRh5gn2I
0.892,0.0712,127.04,0.133,0.178,4.19e-05,4,0.761,6,255173,-5.354,0.935,1,audio_features,spotify:track:5iJfzXKvQXlYOBtEQhEmpA
0.861,0.0829,104.034,0.0323,0.0319,0.0,4,0.731,11,200373,-5.881,0.78,1,audio_features,spotify:track:3cfOd4CMv2snFaKAnMdnvK
0.27,0.134,74.599,0.0652,0.91,0.0,3,0.681,1,146387,-11.301,0.725,1,audio_features,spotify:track:5P1ZEzquxrEJDpT3EHi5pB
0.133,0.165,69.374,0.0334,0.977,9.34e-05,4,0.34,10,153464,-12.032,0.259,1,audio_features,spotify:track:4PzRyMERrNaXrdI0lmRMtb
0.267,0.105,126.413,0.0958,0.949,0.000174,4,0.66,10,158080,-8.309,0.293,1,audio_features,spotify:track:0VFmGuupmYD1xoPak8P7JD
0.273,0.1,200.382,0.214,0.784,0.0,4,0.646,7,182500,-14.194,0.897,1,audio_features,spotify:track:2Pn1HP6ZTVpBaew1jHcs87
0.566,0.0153,135.874,0.0991,0.386,0.0,4,0.658,5,162895,-7.129,0.778,0,audio_features,spotify:track:5nyARU73gaMdQPtCQdVW7x
0.297,0.103,206.567,0.369,0.882,0.0,4,0.608,4,201160,-9.815,0.966,1,audio_features,spotify:track:0W9T9p7CncUGDQqtPE3UNB
0.665,0.11,79.725,0.101,0.917,0.000675,4,0.718,8,159000,-10.369,0.751,1,audio_features,spotify:track:628ZHvFEZSdHAbp99ghlPr
0.143,0.168,134.356,0.0609,0.889,0.0,4,0.753,7,169627,-16.507,0.805,0,audio_features,spotify:track:1kPvyhybeg114W9k20032n
0.295,0.304,137.604,0.108,0.936,0.0,4,0.621,1,160360,-14.709,0.925,1,audio_features,spotify:track:3LBc4H58fxOoiuWyaRJGzL
0.589,0.079,131.391,0.114,0.847,0.0,4,0.673,3,154267,-12.849,0.736,1,audio_features,spotify:track:4ihbiQXd16Z6JsoaF5B4aC
0.459,0.0778,115.04,0.0295,0.356,0.257,4,0.529,8,288680,-11.081,0.466,1,audio_features,spotify:track:1ZrCVOEijZ5I3WNVEHTEsq
0.663,0.152,132.77,0.0374,0.201,0.00806,4,0.64,0,140773,-7.516,0.663,1,audio_features,spotify:track:4BP3uh0hFLFRb5cjsgLqDh
0.961,0.338,90.015,0.0356,0.000229,3.97e-06,4,0.495,0,208227,-3.599,0.659,1,audio_features,spotify:track:3DcdhXDXL3HupVYxFPu7vw
0.881,0.308,98.114,0.0458,0.00554,3.44e-06,4,0.489,6,315747,-4.42,0.535,0,audio_features,spotify:track:1bgVqJqAruGBp7nQGOFxfU
0.85,0.109,93.659,0.0601,0.00873,0.886,3,0.239,11,251493,-8.514,0.0734,0,audio_features,spotify:track:5F0SoxMfLTHc5IPEE9tcZx
0.893,0.222,126.143,0.036,0.289,0.00816,4,0.639,9,351573,-6.509,0.966,1,audio_features,spotify:track:5jkFvD4UJrmdoezzT1FRoP
0.82,0.215,135.982,0.0356,0.0655,0.00274,4,0.65,5,215973,-10.9,0.757,0,audio_features,spotify:track:623rRTKwGmgjH6sjE9uWLh
0.748,0.314,87.95,0.247,0.0316,0.0,4,0.447,4,112161,-7.261,0.568,0,audio_features,spotify:track:3uONXUaDHr3szyN565y02I
0.726,0.0976,139.059,0.282,0.259,0.0,4,0.763,1,126346,-6.405,0.349,1,audio_features,spotify:track:7floNISpH8VF4z4459Qo18
0.81,0.165,114.623,0.0288,0.00719,0.00251,4,0.654,4,200307,-6.26,0.661,0,audio_features,spotify:track:2MLHyLy5z5l5YRp7momlgw
0.582,0.0532,131.501,0.149,0.161,0.00147,4,0.688,0,166973,-10.536,0.754,1,audio_features,spotify:track:2zF7IDI6UsLXpwl3FjukPS
0.868,0.229,105.987,0.0287,1.28e-05,0.0247,4,0.527,2,174027,-6.136,0.643,1,audio_features,spotify:track:3xZek9XkEaX130o3XN9cvd
0.744,0.155,103.559,0.0346,0.0198,0.0081,4,0.7,10,284427,-8.217,0.903,0,audio_features,spotify:track:4ICKuJDY5F2XdTR4fIMA7W
0.724,0.109,110.108,0.14,0.139,0.0863,4,0.868,11,166733,-5.897,0.827,0,audio_features,spotify:track:1HnQcY4VmcysHIOY8zR5wF
0.892,0.0911,128.075,0.0388,0.0527,1.47e-05,4,0.928,9,192227,-7.782,0.989,0,audio_features,spotify:track:6nFYXpBgrNcZjbtNEuc6yR
0.955,0.218,129.992,0.0377,0.0146,0.283,4,0.814,1,197773,-5.905,0.963,0,audio_features,spotify:track:2RSOzvKUnfDDrb2nQPfpQU
0.692,0.0456,101.132,0.102,0.00334,2.17e-06,4,0.829,10,175693,-7.383,0.877,0,audio_features,spotify:track:3FltYEzrDu20qIRjj4SNvD
0.77,0.155,112.997,0.0439,0.00862,0.0315,4,0.891,1,182627,-6.124,0.819,1,audio_features,spotify:track:2s0ouHqJebHfiQ6C1GUFJd
0.664,0.0908,128.467,0.311,0.00471,0.0,4,0.933,1,262827,-11.281,0.616,1,audio_features,spotify:track:7MCNnnmwm7TXMh7xyNGohi
0.591,0.195,184.018,0.269,0.849,0.0,3,0.364,6,124067,-8.251,0.59,0,audio_features,spotify:track:4dx3Lqdq4WvUWx23d04tOl
0.37,0.233,146.135,0.333,0.79,0.0,4,0.663,10,57600,-14.1,0.865,0,audio_features,spotify:track:3FOVyUbdnNuUmjRR8mI18O
0.646,0.284,88.641,0.288,0.303,0.0,4,0.868,1,304600,-4.674,0.67,0,audio_features,spotify:track:6MdqqkQ8sSC0WB4i8PyRuQ
0.701,0.196,91.664,0.0483,0.606,0.0,4,0.506,0,119267,-8.434,0.901,1,audio_features,spotify:track:5Fwif6oyL2EjXAFTGL909U
0.911,0.118,173.938,0.0536,0.159,4.36e-05,4,0.564,2,226293,-5.39,0.582,1,audio_features,spotify:track:2CYiz0Mv8FYKPw7prokwDC
0.643,0.0992,120.012,0.0888,0.00603,1.42e-06,4,0.879,1,272080,-3.709,0.582,1,audio_features,spotify:track:1gZ7i4qxXkHZb1r6eioaAP
0.543,0.241,106.929,0.13,0.0507,0.0,4,0.863,6,213267,-13.497,0.799,1,audio_features,spotify:track:6hTBP6QLwJdxbKyLlLXrGo
0.967,0.0506,132.009,0.0572,0.0226,0.00118,4,0.724,9,192587,-6.614,0.727,0,audio_features,spotify:track:07ewVLyucSY9LO6h64K2uQ
0.127,0.238,62.829,0.0284,0.589,0.00017,4,0.538,11,203573,-16.057,0.527,1,audio_features,spotify:track:3298yRJKPcCndQdNiTZKIo
0.792,0.302,111.277,0.0264,0.0843,0.0605,4,0.672,2,260680,-7.033,0.683,1,audio_features,spotify:track:0A4PZuepTcIQVvA5m7R0M1
0.704,0.0765,129.997,0.109,0.184,0.127,4,0.791,11,284813,-3.987,0.327,1,audio_features,spotify:track:3az4KbeqXONlSc0GdORbDC
0.446,0.298,103.906,0.0416,0.265,0.0,4,0.401,4,168733,-9.646,0.425,1,audio_features,spotify:track:6NGe9yGadOvtx0XRePVRdo
0.797,0.0545,132.431,0.0487,0.246,0.0,4,0.832,9,205467,-8.194,0.961,0,audio_features,spotify:track:2dCmGcEOQrMQhMMS8Vj7Ca
0.8,0.0831,127.752,0.0286,0.119,0.0,4,0.701,0,165867,-2.936,0.967,1,audio_features,spotify:track:0GiWjFOVWv3mVaNCxkgqlq
0.675,0.162,103.705,0.0494,0.0671,8.76e-05,4,0.797,10,161987,-7.072,0.896,0,audio_features,spotify:track:7GCaZax7ExKSNYFv8eQCvL
0.933,0.0655,104.046,0.0414,0.00439,0.0,4,0.518,7,235840,-5.691,0.509,0,audio_features,spotify:track:3gADBuiNvtYo6Xu9cGjm5V
0.653,0.229,75.016,0.289,0.378,0.0,4,0.746,7,253107,-6.745,0.672,1,audio_features,spotify:track:2EEeOnHehOozLq4aS0n6SL
0.594,0.0527,173.923,0.096,0.000171,0.00178,4,0.376,9,188944,-6.609,0.329,1,audio_features,spotify:track:26xcWeNjFVUzSPGgZmspKB
0.535,0.604,94.91,0.186,0.0102,0.557,4,0.428,0,415907,-6.381,0.318,1,audio_features,spotify:track:6m0x9E0xSWMQVkii2FWHxG
0.947,0.667,64.594,0.449,0.622,0.0,4,0.395,8,110080,-5.102,0.302,1,audio_features,spotify:track:65c0WFZ8C6RWxUosvkdfzX
0.856,0.144,154.033,0.0504,0.000913,0.0,4,0.495,10,272405,-9.881,0.803,0,audio_features,spotify:track:7ewraUQ1M5KwLZoFnPyXZG
0.957,0.199,154.071,0.0419,0.116,0.0,4,0.569,0,250942,-9.433,0.702,0,audio_features,spotify:track:0gV0Ogr3400hgZrWOG7Di1
0.6,0.355,97.166,0.0406,0.939,0.288,4,0.404,7,162743,-7.626,0.682,1,audio_features,spotify:track:17DteqUBu6Alp3jGWkbadK
0.276,0.484,99.561,0.0871,0.911,0.00237,4,0.603,4,125933,-19.238,0.86,1,audio_features,spotify:track:1PmXm1881bonBI1AlG5uaH
0.823,0.0567,140.025,0.155,0.145,0.0,4,0.666,9,134833,-10.167,0.893,1,audio_features,spotify:track:0trTpNYmHAK3EihaZBd2h6
0.165,0.206,135.958,0.0498,0.97,0.000117,4,0.588,4,110840,-20.076,0.605,1,audio_features,spotify:track:1Vchex0xowRj9k59RLvRfo
0.607,0.0711,91.189,0.0447,0.597,1.91e-06,4,0.73,4,194360,-6.362,0.813,0,audio_features,spotify:track:2Uu4AnnMTJpevC0IrwAuOW
0.652,0.376,119.54,0.0735,0.107,0.0,4,0.847,9,148067,-5.57,0.948,1,audio_features,spotify:track:0jxWlzadnSzb9f49f9jxfz
0.692,0.52,201.269,0.0825,0.3,0.0,4,0.555,9,30053,-4.397,0.979,1,audio_features,spotify:track:5gP9aSnGYSSAbPM8fj4UWR
0.877,0.0672,147.902,0.252,0.0109,1.2e-06,4,0.915,1,216400,-5.977,0.867,1,audio_features,spotify:track:7rv2yO4NDw1xaucLooqdqm
0.919,0.0452,132.596,0.0616,0.00481,0.79,4,0.745,6,185043,-7.996,0.743,1,audio_features,spotify:track:1iOHLlEsMbgJfYBFWy4TjG
0.711,0.0823,124.962,0.0457,0.0933,0.0309,4,0.634,11,235813,-6.187,0.451,1,audio_features,spotify:track:0UeYCHOETPfai02uskjJ3x
0.664,0.329,95.917,0.232,0.703,0.0,4,0.649,5,155000,-6.644,0.711,0,audio_features,spotify:track:3VMzQ4rh7FtfSuyjHIcuZR
0.761,0.0758,132.889,0.0687,0.0682,0.0077,4,0.41,4,510573,-9.453,0.391,0,audio_features,spotify:track:0YveezON7jpiaHA8fnUHxN
0.229,0.0957,74.381,0.0493,0.92,0.0612,3,0.122,9,276013,-11.789,0.0748,0,audio_features,spotify:track:0m5kdGuPwbTLBM3hWkLd1D
0.903,0.0406,110.478,0.0547,0.09,0.932,3,0.773,2,54360,-6.638,0.965,1,audio_features,spotify:track:1xOufOKaxfBlxG6l7ytHZ0
0.796,0.116,124.99,0.0467,0.066,0.0662,4,0.898,6,157800,-5.056,0.752,1,audio_features,spotify:track:2bGDdgjS7HYSlzpHk8ClKU
0.826,0.252,112.865,0.311,0.095,3.42e-06,4,0.493,9,189974,-3.106,0.75,1,audio_features,spotify:track:6R0GRYk2vs2XuBVemYK5YZ
0.952,0.0706,135.942,0.182,0.00307,0.0,4,0.488,7,182693,-3.843,0.376,1,audio_features,spotify:track:7m8Oe3Con71ujRIji78Ukb
0.643,0.606,104.047,0.232,0.41,0.0,4,0.805,10,196642,-13.912,0.927,1,audio_features,spotify:track:0hSzixwdKTfDQewDKq2cP5
0.585,0.236,174.145,0.11,0.000483,4.24e-05,4,0.519,1,77241,-6.226,0.578,1,audio_features,spotify:track:69F7HX0NulVaEcq8UeEVcK
0.505,0.081,98.861,0.0734,0.0793,3.84e-05,4,0.943,10,30891,-12.124,0.463,0,audio_features,spotify:track:15SgAfCwXlyxMNPFgWkAlc
0.561,0.32,120.021,0.0694,0.279,0.0,4,0.595,0,274104,-5.719,0.63,0,audio_features,spotify:track:0cm53Jz1z1AA7NrfN7VAk6
0.687,0.237,91.994,0.222,0.271,0.0,3,0.755,7,25260,-7.56,0.973,1,audio_features,spotify:track:2RYjte6fWX1JZRszMkOkD0
0.663,0.834,69.419,0.0433,0.973,0.00815,1,0.181,3,86307,-7.762,0.445,1,audio_features,spotify:track:53K7pVf1g65cbOSNiJEJKt
0.552,0.0654,168.455,0.103,0.51,0.933,4,0.719,10,122877,-11.423,0.935,0,audio_features,spotify:track:160xpuXDJHmG3J43h9lCLu
0.895,0.109,107.613,0.139,0.626,0.843,4,0.326,2,162387,-4.987,0.0679,0,audio_features,spotify:track:2IJJszwGK4NWmh3bNK6CPD
0.578,0.0626,114.157,0.0628,0.0115,0.867,1,0.906,11,195515,-5.241,0.507,0,audio_features,spotify:track:59OkvZEB9zPsEa6fQL2LlZ
0.946,0.508,173.476,0.0683,0.00512,0.911,4,0.296,4,136093,-5.717,0.585,1,audio_features,spotify:track:1p791U7Bx5PmvCwucN4PQN
0.967,0.359,92.015,0.116,0.0542,0.175,4,0.682,7,117391,-2.057,0.61,0,audio_features,spotify:track:2xPpFvPTAZFL058D6aJ6pM
0.906,0.0803,95.3,0.195,0.0279,0.0,4,0.916,3,161507,-2.494,0.291,0,audio_features,spotify:track:4LwU4Vp6od3Sb08CsP99GC
0.76,0.0519,95.62,0.0343,0.477,0.755,4,0.443,0,167533,-6.346,0.494,1,audio_features,spotify:track:60kXdgdz1PRqbNQIAEU6s9
0.477,0.336,130.078,0.0664,0.000131,0.000664,4,0.885,6,346840,-9.196,0.691,0,audio_features,spotify:track:4c0rkFPszqQTyC753tsCMU
0.808,0.0936,125.99,0.0526,0.0166,0.546,4,0.921,2,192747,-2.119,0.931,1,audio_features,spotify:track:0pqCMHN3IVkBDlWAg0kiVa
0.798,0.0962,135.217,0.045,0.00202,0.909,4,0.566,9,284453,-10.753,0.187,0,audio_features,spotify:track:4ilpZCh2AhKezBwHV0fWcw
0.655,0.0311,122.236,0.0474,0.167,0.0409,4,0.789,2,254000,-14.825,0.865,1,audio_features,spotify:track:3FdHgoJbH3DXNtGLh56pFu
0.8,0.0594,209.767,0.105,0.00294,0.0,4,0.233,7,158413,-5.543,0.564,1,audio_features,spotify:track:7CMIy0uwXyeBv2MvaEUJM1
0.0315,0.0987,120.57,0.0372,0.898,0.569,4,0.238,2,168667,-20.556,0.368,0,audio_features,spotify:track:43S1l614pzr2EtxIknjYFl
0.893,0.112,134.53,0.0371,0.0332,4.12e-06,4,0.594,9,212827,-4.217,0.678,1,audio_features,spotify:track:54BQrqQXbvs7qpEkRtJLFA
0.517,0.0864,133.148,0.0875,0.00456,0.000339,4,0.867,11,257360,-13.222,0.866,0,audio_features,spotify:track:1B75hgRqe7A4fwee3g3Wmu
0.93,0.92,136.014,0.0405,0.145,0.338,4,0.729,6,212867,-7.96,0.965,0,audio_features,spotify:track:5pP3RGiUtFVZlWotyJb9Ei
0.721,0.0422,103.018,0.0908,0.422,4.36e-05,4,0.927,8,249382,-12.561,0.965,1,audio_features,spotify:track:4oaj36KzXRgDg4McgcTsZK
0.784,0.101,124.913,0.0983,0.0752,0.0,4,0.795,5,50613,-5.933,0.9,0,audio_features,spotify:track:5U4wYRHrCRxRP6iQfM824C
0.731,0.253,116.66,0.0536,0.0181,0.00952,4,0.775,0,198066,-8.715,0.558,1,audio_features,spotify:track:7cv28LXcjAC3GsXbUvXKbX
0.443,0.354,93.755,0.775,0.959,0.869,4,0.756,5,27200,-16.424,0.991,1,audio_features,spotify:track:74asF5hV7yPzaP1h6wVz1R
0.63,0.0994,122.458,0.0575,0.000547,0.616,4,0.906,0,239253,-8.071,0.342,1,audio_features,spotify:track:7723JnKU2R15Iv4T7OJrly
0.272,0.362,108.274,0.494,0.818,9.67e-05,3,0.707,7,114958,-10.7,0.985,1,audio_features,spotify:track:79VupVk4BWNqYcfXe5oVOh
0.574,0.0607,81.548,0.0421,0.272,0.0,4,0.62,0,231333,-11.893,0.9,1,audio_features,spotify:track:0ikz6tENMONtK6qGkOrU3c
0.942,0.233,136.035,0.0466,0.0839,7.85e-05,4,0.873,0,186560,-6.398,0.97,1,audio_features,spotify:track:1li2UA33w6LQcVXt4Di5UA
0.659,0.0473,102.067,0.115,0.0359,0.0,4,0.855,9,221573,-3.441,0.731,0,audio_features,spotify:track:1tc6RFcNQk2mQ0c0ZdiEBW
0.508,0.367,140.878,0.0491,0.275,0.891,4,0.59,0,149120,-7.997,0.761,1,audio_features,spotify:track:6A3pJMpqcz3maI3H0yBLC9
0.513,0.107,102.017,0.347,0.00112,0.00248,4,0.933,7,179160,-13.203,0.595,1,audio_features,spotify:track:5Y78yINSOCW6xbOfGWNBg4
0.868,0.0619,162.822,0.0385,0.449,0.814,4,0.74,0,117000,-8.535,0.982,1,audio_features,spotify:track:5EFDXorJyUp61D2ZGpmsJz
0.846,0.133,90.032,0.0469,0.722,2.02e-06,4,0.657,0,288247,-9.518,0.901,0,audio_features,spotify:track:3sJ1HwrSpTVosPhJHFbRLK
0.959,0.314,150.047,0.0383,0.0136,0.899,4,0.44,0,116800,-8.723,0.968,1,audio_features,spotify:track:6VpiPDOAdP3wH0vOrAs30g
0.384,0.782,163.926,0.0425,0.664,0.961,4,0.627,7,189205,-19.31,0.9,0,audio_features,spotify:track:5sRQNFKwE9kgNleZgnCpgw
0.943,0.092,127.992,0.0298,0.00119,0.876,4,0.581,11,172510,-3.118,0.965,0,audio_features,spotify:track:0cNvfyJjpoP56GgdOHSFPw
0.668,0.156,84.809,0.198,0.00605,0.0,4,0.862,1,120960,-5.181,0.532,0,audio_features,spotify:track:60TbmViml7n1jUZksLR7Mq
0.687,0.09,180.042,0.0443,0.777,0.666,4,0.558,1,164613,-7.241,0.821,0,audio_features,spotify:track:4ICg3ggG6Orp1W1GMNA6LH
0.798,0.0194,127.987,0.146,0.000122,0.222,4,0.788,1,289001,-7.04,0.713,1,audio_features,spotify:track:6DHswEnDubt3PTh9semV3M
0.719,0.195,123.028,0.0561,0.00481,0.000382,4,0.549,3,277489,-7.266,0.586,0,audio_features,spotify:track:5fp6m6Zo4LetiWaMMrPjy5
0.458,0.166,120.039,0.0341,0.851,8.1e-05,4,0.776,2,177213,-8.815,0.871,1,audio_features,spotify:track:0Nrw0vKim2z4dph1jsxvye
0.546,0.0993,154.564,0.0562,0.289,0.12,4,0.603,0,112587,-4.424,0.673,1,audio_features,spotify:track:7qutORNbBeywDgWXKOJlFD
0.794,0.0578,136.112,0.22,0.199,0.0,4,0.693,10,229000,-10.445,0.682,0,audio_features,spotify:track:0imgcXQ3x5qjncFmbozu7d
0.934,0.0807,149.998,0.0428,0.0756,0.93,4,0.579,1,132859,-8.361,0.957,1,audio_features,spotify:track:6eCJJGYFb11r8umc77wLdA
0.908,0.144,119.974,0.0414,0.135,0.912,4,0.695,2,238359,-9.587,0.914,1,audio_features,spotify:track:1KPqKXEhZJG5tyVu0n59wh
0.523,0.117,119.889,0.0597,0.239,0.0,4,0.936,5,124056,-6.71,0.699,1,audio_features,spotify:track:43ZyHQITOjhciSUUNPVRHc
0.795,0.0505,128.227,0.0342,0.0651,1.52e-06,4,0.698,8,244803,-5.638,0.918,1,audio_features,spotify:track:5lDMPCKmRUx1Q5Fk4jqH7m
0.554,0.109,176.723,0.483,0.235,0.0,4,0.617,1,266933,-4.474,0.304,1,audio_features,spotify:track:4dh34dyav8M5jCN3yidn8Z
0.594,0.106,132.029,0.0932,0.0163,0.934,4,0.605,10,373052,-10.049,0.393,0,audio_features,spotify:track:1pzTXuYLNoXY8tKzvOAqB7
0.428,0.0979,93.82,0.174,0.73,0.127,4,0.73,4,125240,-9.893,0.571,0,audio_features,spotify:track:4LwdFPmc5LYY2qAmzi23pe
0.451,0.107,147.518,0.0413,0.594,7.19e-06,4,0.615,0,111154,-10.116,0.813,1,audio_features,spotify:track:5foxQ24C0x7W0B2OD46AJg
0.903,0.024,161.99,0.0941,0.0047,0.778,4,0.73,5,142732,-6.377,0.962,0,audio_features,spotify:track:0IzOLJVaqwaQR5zBad9iWn
0.764,0.103,177.685,0.212,0.248,0.0,4,0.761,1,272293,-5.842,0.151,1,audio_features,spotify:track:0LyZGZEZcFqpeF8bAfx3v0
0.0581,0.103,174.117,0.0374,0.976,0.000366,4,0.345,3,189507,-17.217,0.304,1,audio_features,spotify:track:3JOVTQ5h8HGFnDdp4VT3MP
0.518,0.349,188.075,0.0525,0.00189,0.0956,4,0.664,0,227328,-7.459,0.971,1,audio_features,spotify:track:3KWpkpZRx6mJ3W5jGCLXnY
0.942,0.528,154.628,0.0755,0.155,1.15e-06,4,0.518,2,197240,-5.27,0.535,1,audio_features,spotify:track:36la4AQp7vTlCRNyC5NLry
0.373,0.0481,92.717,0.0323,0.257,7.95e-05,4,0.671,9,295893,-18.064,0.732,1,audio_features,spotify:track:2374M0fQpWi3dLnB54qaLX
0.459,0.0474,107.115,0.0294,0.129,0.0194,4,0.739,11,222320,-14.42,0.892,0,audio_features,spotify:track:3ZZq9396zv8pcn5GYVhxUi
0.455,0.0923,81.92,0.0327,0.361,0.00586,4,0.517,7,132073,-12.088,0.521,1,audio_features,spotify:track:1rtYGowPGXV17ioj8nwCd3
0.449,0.103,135.97,0.429,0.221,0.0,4,0.897,1,90122,-9.295,0.707,1,audio_features,spotify:track:33kB5gz4gzOEZVkuWKHylS
0.785,0.0397,84.607,0.351,0.0485,3.65e-06,4,0.673,10,249467,-2.894,0.85,0,audio_features,spotify:track:2D1hlMwWWXpkc3CZJ5U351
0.514,0.398,79.974,0.0593,0.0655,0.0,4,0.647,8,240693,-10.05,0.387,1,audio_features,spotify:track:7lQWRAjyhTpCWFC0jmclT4
0.794,0.0978,118.075,0.0752,0.705,3.4e-05,4,0.831,2,215787,-3.701,0.735,0,audio_features,spotify:track:7oGwQOTkMB9Sk3DIKJLd5F
0.439,0.162,150.032,0.365,0.357,0.0,4,0.805,1,167500,-9.605,0.329,1,audio_features,spotify:track:13XvShB9GPpai2JhSIIgHY
0.948,0.43,146.46,0.122,0.0223,0.0,4,0.474,3,195373,-2.592,0.611,1,audio_features,spotify:track:78ML3F5Lz3KiNkpnFAaR3q
0.49,0.0968,177.865,0.511,0.313,0.0,4,0.788,8,197528,-6.287,0.79,1,audio_features,spotify:track:3AaiEsiqHO2ylnnOdWninE
0.621,0.128,105.049,0.0288,0.0466,0.0,4,0.634,2,154465,-5.936,0.844,1,audio_features,spotify:track:3tbwKbrgDNjT4JvM4SVAtz
0.275,0.065,84.388,0.0738,0.196,0.96,4,0.365,9,26187,-13.654,0.0846,1,audio_features,spotify:track:2Zb6Cu5peVtG3UDifxEd1u
0.727,0.1,119.983,0.0304,0.0442,0.0333,4,0.751,10,256000,-9.789,0.28,0,audio_features,spotify:track:3NuzLWsRZXO1QsBUEWseGd
0.785,0.111,120.009,0.0396,0.0524,0.00111,4,0.814,1,255040,-5.679,0.941,0,audio_features,spotify:track:5P8lyudWE7HQxb4ludLbEm
0.936,0.192,161.983,0.0606,0.283,0.0207,4,0.659,2,155009,-3.519,0.884,1,audio_features,spotify:track:37s8uwIjw72XfMseKJXNOO
0.513,0.101,134.92,0.0594,0.905,9.32e-06,4,0.856,9,71458,-6.601,0.382,1,audio_features,spotify:track:3QuYMsa06dKctueY73d4un
0.492,0.224,119.531,0.04,0.0163,0.00897,4,0.747,10,292571,-9.616,0.533,1,audio_features,spotify:track:2PzCOP5Aj9SABiBgNEZ52G
0.397,0.106,84.064,0.0639,0.461,0.000834,4,0.642,6,286493,-16.842,0.798,1,audio_features,spotify:track:7dL8FCLzEaWC2A3qWQuz1q
0.625,0.248,146.034,0.0315,0.194,0.00986,4,0.729,4,183907,-5.266,0.261,1,audio_features,spotify:track:1xzBco0xcoJEDXktl7Jxrr
0.545,0.0505,139.943,0.0625,0.0646,0.000289,4,0.867,2,162586,-5.192,0.525,1,audio_features,spotify:track:5o4yGlG0PfeVUa6ClIyOxq
0.796,0.0754,104.013,0.274,0.313,0.00272,4,0.772,7,190554,-5.546,0.499,1,audio_features,spotify:track:2tzLjiRec9KtzdhgyVYN6Z
0.842,0.115,112.016,0.0922,0.205,1.48e-05,4,0.911,10,187046,-4.845,0.578,1,audio_features,spotify:track:1LGv7Ah6TXp1soAAIzzuGC
0.693,0.0925,119.968,0.117,0.0244,0.89,4,0.818,0,144009,-15.818,0.968,0,audio_features,spotify:track:7IEdlE4ZwzPDxnoWFv10aj
0.58,0.134,128.003,0.367,0.347,1.87e-06,4,0.954,7,166635,-8.924,0.48,1,audio_features,spotify:track:0q97eZcYkeHy2buhS1O5Ir
0.73,0.124,155.008,0.222,0.00513,0.0,4,0.834,8,312820,-3.714,0.446,1,audio_features,spotify:track:2xLMifQCjDGFmkHkpNLD9h
0.936,0.217,129.976,0.0772,1.51e-06,0.822,4,0.446,1,217423,-9.794,0.0463,0,audio_features,spotify:track:1JqGbX7D8Lh03W3WITm5VS
0.0669,0.0646,135.993,0.0379,0.971,0.84,4,0.183,2,129363,-28.633,0.0376,0,audio_features,spotify:track:1Vw2NGHNER0Xr4DDMDsagS
0.619,0.113,136.041,0.102,0.0533,0.0,4,0.878,6,157067,-5.56,0.639,1,audio_features,spotify:track:6u7jPi22kF8CTQ3rb9DHE7
0.566,0.34,83.903,0.2,0.349,0.0,4,0.511,6,239836,-7.23,0.218,0,audio_features,spotify:track:0s3nnoMeVWz3989MkNQiRf
0.661,0.355,99.335,0.152,0.159,0.0,3,0.58,7,100287,-5.2,0.477,0,audio_features,spotify:track:05xI48iEtJr2wtIZkGuouZ
0.407,0.111,89.011,0.233,0.461,0.0,4,0.878,7,286517,-10.941,0.547,1,audio_features,spotify:track:00bWqt93aqLXqKtzZoq7Jw
0.525,0.325,145.016,0.124,0.255,0.0,4,0.812,1,177133,-8.798,0.564,1,audio_features,spotify:track:3B9vJvi2Z6ws4wjNTQMYAc
0.73,0.11,115.007,0.0516,0.145,3.06e-06,4,0.759,0,268434,-7.985,0.74,0,audio_features,spotify:track:7eBqSVxrzQZtK2mmgRG6lC
